ID;Name;MapID;LightID;Flags;Zmin;Zmax;TransitionType;PlayerConditionID
60;BoreanTundra;571;914;1;-64000;64000;0;0
61;DragonBlight;571;825;1;-64000;64000;0;0
62;GrizzlyHills;571;959;1;-64000;64000;0;0
63;HowlingFjord;571;862;1;-64000;64000;0;0
64;HowlingGrizzly;571;1847;1;-64000;64000;0;0
65;Icecrown;571;1703;1;-64000;64000;0;0
66;Sholazar;571;1796;1;-64000;64000;0;0
67;StormPeaks;571;1777;1;-64000;64000;0;0
68;Wintergrasp;571;1792;1;-64000;64000;0;0
69;ZulDrak;571;1589;1;-64000;64000;0;0
70;CrystalSong;571;1740;1;-64000;64000;0;0
139;Durotar;1;204;1;-64000;64000;0;0
140;Durotar Org;1;239;1;-64000;64000;0;0
141;Azshara main;1;247;1;-64000;64000;0;0
142;Ashenvale;1;208;1;-64000;64000;0;0
145;PlagueLandsWest;0;2546;1;-64000;64000;0;0
146;PlagueLandsWest Lake;0;31;1;-64000;64000;0;0
147;Uldum;1;2515;1;-64000;64000;0;0
153;Barrens Main;1;193;1;-64000;64000;0;0
155;Twilight Highlands Main;0;2506;1;-64000;64000;0;0
156;Hyjal Main;1;1972;1;-64000;64000;0;0
157;Glineas Main;0;1866;1;-64000;64000;0;0
158;Silver Pine Main;0;28;1;-64000;64000;0;0
159;Mullgore Main;1;202;1;-64000;64000;0;0
162;Alterac Main;0;13;1;-64000;64000;0;0
187;Shadow Moon Main;530;519;1;-64000;64000;0;0
237;Twilight Hammer Main Camp;0;2595;1;-64000;64000;0;0
282;Moonglade;1;196;1;-64000;64000;0;0
283;Winterspring;1;259;1;-64000;64000;0;0
292;Wetlands Zone Light;0;58;1;-64000;64000;0;0
293;Feralas Main;1;217;1;-64000;300;0;0
294;Silithus;1;249;1;-64000;64000;0;0
295;Duskwallow;1;198;1;-64000;64000;0;0
299;Badlands Zone Light;0;21;1;-64000;64000;0;0
300;ThousandNeedles;1;230;1;-64000;64000;0;0
308;Arathi Highlands;0;12;1;-64000;64000;0;0
323;Twilight Obsidian Forest;0;2543;1;-64000;64000;0;0
375;FireLands_Main_Raid;720;3254;1;-64000;64000;0;0
376;FireLands_Hex;720;3249;1;-64000;64000;0;0
377;FireLands_Lava_Raid;720;3260;1;-64000;64000;0;0
399;Island;930;356;1;-64000;64000;0;0
439;Valley Four Winds Jungle;870;3383;1;-64000;64000;0;0
441;Kun Lai Summit - Main;870;3387;1;-64000;64000;0;0
443;Jade Forest Main;870;3402;1;-64000;64000;0;0
450;Valley of Four Winds Farmland;870;3467;1;-64000;64000;0;0
461;Twilight Realm Dragon Soul Main;940;3500;0;-64000;64000;0;0
462;Twilight Realm Fog 2;967;3499;1;-64000;64000;0;0
463;Twilight Realm Main 2;967;3478;1;-64000;64000;0;0
464;Turtle Main;860;3525;1;-64000;64000;0;0
465;Turtle Top Head;860;3524;1;-64000;64000;0;0
476;Vale of Eternal Blossoms;870;3592;1;-64000;64000;0;0
520;Mantid Zone North;870;3620;1;-64000;64000;0;0
521;Kun Lai Summit Upper Valley;870;3584;1;-64000;64000;0;0
523;V4W Southern Coast Beach Light;870;3613;1;-64000;64000;0;0
571;Mantid Zone South;870;3694;1;-64000;64000;0;0
581;Vale of Eternal Blossoms West;870;3752;1;-64000;64000;0;0
595;Kun Lai Mountains;870;3472;1;-64000;64000;0;0
602;North island;870;3620;1;-64000;64000;0;0
641;Zangarmarsh Main;530;460;1;-64000;64000;0;0
642;Hellfire Main;530;377;1;-64000;64000;0;0
643;Blades Edge Main;530;455;1;-64000;64000;0;0
644;Nagrand Main;530;539;1;-64000;64000;0;0
645;Terokkar Main;530;458;1;-64000;64000;0;0
646;Netherstorm Main;530;502;1;-64000;64000;0;0
690;Isle of the Thunder King Dark Raid;1064;4155;1;-64000;64000;0;0
692;Mantid Klaxxi Island Scenario Zone Light;1050;3948;1;-64000;64000;0;0
695;Lion's Landing Scenario Zone Light;1103;4231;1;-64000;64000;0;0
702;Frostwind;1116;4333;1;-64000;64000;0;0
711;Isle of the Thunder King Dark Raid;1122;4155;1;-64000;64000;0;0
712;Isle of the Thunder King Dark Raid;1123;4155;1;-64000;64000;0;0
713;Isle of the Thunder King Dark Raid;1124;4155;1;-64000;64000;0;0
714;Isle of the Thunder King Dark Raid;1125;4155;1;-64000;64000;0;0
715;Isle of the Thunder King Dark Raid;1126;4155;1;-64000;64000;0;0
716;Isle of the Thunder King Dark Raid;1127;4155;1;-64000;64000;0;0
717;Shadowmoon;1116;4405;1;-64000;64000;0;0
858;Talador;1116;4646;1;-64000;64000;0;0
862;Ashrand;1116;4649;1;-64000;64000;0;0
873;Frostwind - Cold;1116;4681;1;-64000;64000;0;0
874;Frostwind - Ogre City;1116;4696;1;-64000;64000;0;0
875;Frostwind - Cold Ogre;1116;4699;1;-64000;64000;0;0
876;Vale Excavation;1144;3592;1;-64000;64000;0;0
877;Sea Battle Scenario;1099;4727;1;-64000;64000;0;0
878;Dun Murogh Scenario;1130;16;1;-64000;64000;0;0
898;Orgrimmar Raid;1136;2859;1;-64000;64000;0;0
923;Sunset Isle Fog;1161;4788;1;-64000;64000;0;0
942;Spires of Arrak;1116;4902;1;-64000;64000;0;0
999;Grey;1060;5009;1;-64000;64000;0;0
1002;Tanaan Jungle;1116;6167;1;-64000;64000;0;0
1004;Nagrand;1116;5013;1;-64000;64000;0;0
1095;Spires of Arrak - Coast;1116;5161;1;-64000;64000;0;0
1102;Gorgrond Docks Instance Light;1195;4830;1;-64000;64000;0;0
1112;Gorgrond Dry;1116;5329;1;-64000;64000;0;0
1115;Shadowmoon Botoni River;1116;5422;1;-64000;64000;0;0
1119;Talador City Corrupt;1116;519;1;-64000;64000;0;0
1120;Ashran;1116;5544;1;-64000;64000;0;0
1121;Shadowmoon Botoni Green River;1116;5555;1;-64000;64000;0;0
1137;The Everbloom;1279;5657;1;-64000;64000;0;0
1140;10AnniversaryBattle;1280;5619;1;-64000;64000;0;0
1147;Shadowmoon Gulvar;1116;5142;1;-64000;64000;0;0
1148;Ashran Horde Staging Area Oily Water;1116;5718;1;-64000;64000;0;0
1149;Azsuna;1220;5271;1;-64000;64000;0;0
1150;ValSharah;1220;5722;1;-64000;64000;0;0
1153;Spires of Arrak - Swamp;1116;5497;1;-64000;64000;0;0
1164;Taanan Jungle;1265;5063;1;-64000;64000;0;0
1166;Arauk-Nashal Highlands;1220;5655;1;-64000;64000;0;0
1168;High Mountain;1220;6020;1;-64000;64000;0;0
1193;ValSharah Black Rook;1220;6212;1;-64000;64000;0;0
1200;Tanaan Poison Swamp;1116;6243;1;-64000;64000;0;0
1218;Tanaan Fel Jungle;1116;6128;1;-64000;64000;0;0
1219;Tanaan Bleeding Hollow ;1116;6142;1;-64000;64000;0;0
1257;Hellfire Citadel;1448;6114;1;-64000;64000;0;0
1285;Arauk-Nashal Highlands Cloudy Shore;1220;6093;1;-64000;64000;0;0
1289;Suramar;1220;6560;1;-64000;64000;0;0
1290;Arauk-Nashal Highlands Upper;1220;6427;1;-64000;64000;0;0
1293;Azsuna Southern Coast;1220;6153;1;-64000;64000;0;0
1294;Mardum Zone Light;1481;6666;1;-64000;64000;0;0
1295;Fel Dev Zone Light;1060;6114;1;-64000;64000;0;0
1318;Arauk-Nashal Highlands Aspen;1220;6639;1;-64000;64000;0;0
1321;Legion Artifact - Zone Light;1489;6591;1;-64000;64000;0;0
1324;Suramar Waterfall Crags;1220;6667;1;-64000;64000;0;0
1328;Artifact - Paladin Zone Light ;1500;6410;1;-64000;64000;0;0
1329;Suramar City Outer Ring;1220;6697;1;-64000;64000;0;0
1341;Artifact - Warlock Order Hall Zone Light;1107;7429;1;-64000;64000;0;0
1342;Artifact -  Warlock Order HAll Scenario Zone Light;1522;6666;1;-64000;64000;0;0
1347;Huln Zone Light - Fog;1515;6777;1;-64000;64000;0;0
1348;Huln Zone Light - Clear;1515;6776;1;-64000;64000;0;0
1350;ValSharah Nightmare;1220;6266;1;-64000;64000;0;0
1356;Azsuna Fel;1220;6115;1;-64000;64000;0;0
1357;Broken Shore;1220;6095;1;-64000;64000;0;0
1359;Havoc Acquisition Zone Light;1498;6410;1;-64000;64000;0;0
1369;Scenario_Mardum Zone Light;1523;6880;1;-64000;64000;0;0
1370;ValSharah HighMountain Path;1220;7244;1;-64000;64000;0;0
1413;Azsuna - Eye of Azshara Area;1220;5271;1;-64000;64000;0;0
1416;Will Cortis - Indiana Jones;1060;6951;1;-64000;64000;0;0
1429;Arauk-Nashal Highlands Gates of Valor;1220;7148;1;-64000;64000;0;0
1430;Nightmare Raid Moonglade - Zone Light;1520;7160;1;-64000;64000;0;0
1433;Nightmare Raid Rift of Aln - Zone Light;1520;7177;1;-64000;64000;0;0
1438;Suramar City Inner Ring;1220;6852;1;-64000;64000;0;0
1440;Nightmare Raid Mulgore;1520;7237;1;-64000;64000;0;0
1442;ValSharah CenariusGrove;1220;6561;1;-64000;64000;0;0
1443;Pandemonioum Zone Light;1622;7247;1;-64000;64000;0;0
1444;Valsharah Druid Order Hall;1220;7242;1;-64000;64000;0;0
1445;ValSharah Temple of Elune;1220;6790;1;-64000;64000;0;0
1446;Valsharah SteelClaw Vale;1220;6264;1;-64000;64000;0;0
1448;Nightmare Nexus;1520;6989;1;-64000;64000;0;0
1449;ValSharah Cenarius Grove Center;1220;6211;1;-64000;64000;0;0
1450;BrokenShore - Intro Clear;1460;7490;1;-64000;64000;0;0
1451;BrokenShore - Beach Landing;1460;6411;1;-64000;64000;0;0
1452;Broken Shore Main Light;1460;6410;1;-64000;64000;0;0
1454;Nightmare Raid Un'goro - Zone Light;1520;7146;1;-64000;64000;0;0
1455;Nightmare Raid Grizzly Hills - Zone Light;1520;7329;1;-64000;64000;0;0
1458;Transition bug test;1060;7465;1;-64000;64000;0;0
1459;BrokenShore - Intro Fel;1460;7281;1;-64000;64000;0;0
1460;Nightmare Raid - Moonglade Nightmare;1520;7259;1;-64000;64000;0;0
1491;Helheim Raid Exterior - Zone Light 01;1648;7501;1;-64000;64000;0;0
1492;Valhallas - Zone Light 01;1648;7512;1;-64000;64000;0;0
1494;Helheim Boat - Zone Light;1492;7517;1;-64000;64000;0;0
1500;TEMP - Dev Land - Desert;1655;7589;1;-64000;64000;0;0
1501;TEMP - Dev Land - Swamp;1655;7524;1;-64000;64000;0;0
1502;Haustvald Highlands - Zone Light 01;1648;7544;1;-64000;64000;0;0
1508;Gilneas Test Platner;1060;1881;1;-64000;64000;0;0
1511;TEMP - Dev Land - Desert 2;1655;7603;1;-64000;64000;0;0
1512;Underrot;1661;7592;1;-64000;64000;0;0
1513;Blade's Edge Arena Zone Light;1672;7621;1;-64000;64000;0;0
1514;Zuldazar;1655;7569;1;-64000;64000;0;0
1515;TEMP - Dev Land - Swamp Postcard;1655;7602;1;-64000;64000;0;0
1516;Kul Tiras Zone;1655;7605;1;-64000;64000;0;0
1517;8SWA Wildlands;1642;7635;1;-64000;64000;0;0
1518;8DES Desert;1642;7665;1;-64000;64000;0;0
1519;Argus Phase 1 - Base;1669;7599;0;-64000;64000;0;0
1520;Argus Phase 2;1669;7654;0;-64000;64000;0;0
1521;Argus Phase 3;1669;7655;0;-64000;64000;0;0
1522;8ZUL Jungle;1642;7667;1;-64000;64000;0;0
1537;8SWA Deep Swamp;1642;7636;1;-64000;64000;0;0
1546;KulTiras;1643;7759;1;-64000;64000;0;0
1547;Prop Art Swamp;1060;7787;1;-64000;64000;0;0
1551;Argus Phase 3 Raid01;1669;7655;0;-64000;64000;0;0
1552;Argus Phase 3 Raid02;1669;7655;0;-64000;64000;0;0
1558;Argus Raid Phase 3;1712;8521;1;-64000;64000;0;0
1562;Argus Raid Eonor Zonelight;1712;7865;1;-64000;64000;0;0
1570;Argus Raid - Titan;1712;7891;1;-64000;64000;0;0
1576;Suramar City Outer Ring - Nighthold;1530;6697;1;-64000;64000;0;0
1577;Suramar City Inner Ring - Nighthold;1530;6852;1;-64000;64000;0;0
1585;Drustvar;1655;7855;1;-64000;64000;0;0
1608;8DRU Crimson Forest;1643;9186;1;-64000;64000;0;0
1609;KulTiras Witch;1643;8994;1;-64000;64000;0;0
1610;8SWA Dark Heart;1642;8035;1;-64000;64000;0;0
1614;KulTiras Pirate;1643;9272;1;-64000;64000;0;0
1620;Argus - Escape Light;1669;8192;0;-64000;64000;0;0
1626;Death of Chromie - Dragonblight;1756;8224;1;-64000;64000;0;0
1627;Death of Chromie - Strath;1756;8315;1;-64000;64000;0;0
1628;Death of Chromie - Plague;1756;8419;1;-64000;64000;0;0
1629;Death of Chromie - Well;1756;8421;1;-64000;64000;0;0
1630;Death of Chromie DB Fog;1756;8265;1;-64000;64000;0;0
1643;Argus Phase 1 - Petrified Forest;1669;8043;0;-64000;64000;0;0
1644;Argus Phase 1 - Consecrated Ground;1669;8018;0;-64000;64000;0;0
1645;Argus Phase 1 - Volcano;1669;7924;0;-64000;64000;0;0
1646;Argus Phase 1 - Legion City;1669;8206;0;-64000;64000;0;0
1647;Argus Phase 1 - Clearing;1669;8199;0;-64000;64000;0;0
1648;Argus Phase 1 - Darkfall Ridge;1669;8020;0;-64000;64000;0;0
1649;Argus Raid Titan Pantheon;1712;8987;1;-64000;64000;0;0
1650;8DES Desert Dunes;1642;8123;1;-64000;64000;0;0
1653;8RIV River;1643;9007;1;-64000;64000;0;0
1656;Argus Flashback phase2;1669;9014;0;-64000;64000;0;0
1657;Argus Raid Phase 3 Zone Light;1712;9061;1;-64000;64000;0;0
1658;Argus Raid Phase 3 Lower;1712;9063;1;-64000;64000;0;0
1659;Argus Raid Phase 3 Portal Nexus;1712;9064;1;-64000;64000;0;0
1660;Argus Raid Phase 3 Foggy;1712;9062;1;-64000;64000;0;0
1661;Argus Raid Phase 3 Intro Ground;1712;9065;1;-64000;64000;0;0
1662;Argus Post Fight Temp;1712;9042;1;-64000;64000;0;0
1663;Argus Phase 3 - Eonar;1669;9066;0;-64000;64000;0;0
1664;Argus Raid - Titan;1669;9067;0;-64000;64000;0;0
1674;ArgusRift Ice;1779;8508;0;-64000;64000;0;0
1691;KulTiras Pirate Invasion POI;1643;9174;1;-64000;64000;0;0
1696;Goblin Azerite Mine Zone Light;1594;9188;0;-64000;64000;0;0
1698;8DES Ruined City;1642;9203;0;-64000;64000;0;0
1699;Island Test - Colin Volrath;1060;9205;1;-64000;64000;0;0
1700;8XP Island Test - Sarah Boulian;1880;9207;0;-64000;64000;0;0
1702;8XP Island Test Zone Light - Kyle Aronson;1885;9221;1;-64000;64000;0;0
1705;8XP Island Test - Colin Volrath 2;1898;9233;0;-64000;64000;0;0
1706;Vindicaar - Zone Light;1860;9239;0;-64000;64000;0;0
1707;8SWA Toad Loa;1642;7847;1;-64000;64000;0;0
1711;8SWA Nazmir TRex Den;1642;7753;0;-64000;64000;0;0
1712;Vindicaar - Zone Light;1860;9249;0;-64000;64000;0;0
1713;8DRU Western Drustvar;1643;9251;0;-64000;64000;0;0
1722;8DES Skycallers Spire;1642;9328;0;-64000;64000;0;0
1723;8RIV Sea Priest;1643;9290;0;-64000;64000;0;0
1724;Brads Test - WC2 Zone Light;451;1773;0;-64000;64000;0;0
1727;Temple of Sethraliss - Zone Light Exterior;1877;9373;0;-64000;64000;0;0
1732;Temple of Sethraliss - Zone Light Interior;1877;9376;0;-64000;64000;0;0
1733;Temple of Sethraliss - Hatchery 01;1877;9334;0;-64000;64000;0;0
1734;Temple of Sethraliss - Bazaar 01;1877;9378;0;-64000;64000;0;0
1741;Temple of Sethraliss - Final Boss Room;1877;9274;0;-64000;64000;0;0
1742;Lordaeron Scenario Zone Light;1760;8174;0;-64000;64000;0;0
1744;Freehold Zone Light;1754;9154;0;-64000;64000;0;0
1753;8XP Gorgron Mag'Har;1917;9520;0;-64000;64000;0;0
1855;8DES Desert Coast;1642;9624;0;-64000;64000;0;0
1856;8DES Desert Canyon;1642;8995;0;-64000;64000;0;0
1859;Stormwind;0;9651;1;-64000;64000;0;0
1860;Warfronts Arathi Alliance;1943;9670;0;-64000;64000;0;0
1861;Warfronts Arathi Horde;1876;9670;0;-64000;64000;0;0
1863;8XP Mugabala Arena;1911;9669;0;-64000;64000;0;0
1867;8SWA Wildlands Ocean;1642;9756;0;-64000;64000;0;0
1872;backup - 8ZUL Deep Jungle;1658;9264;0;-64000;64000;0;0
1873;backup - 8ZUL TRex Loa;1658;9400;0;-64000;64000;0;0
1889;DEMO 8NZJ Main Biome;1718;9848;0;-64000;64000;0;0
1890;WSG_Zonelight;2106;9818;1;-64000;64000;0;0
1912;DEMO 9CAS ZoneLight;2132;9979;0;-64000;64000;0;0
1913;DEMO 9 Land of the Gods;2132;10007;0;-64000;64000;0;0
1914;8du Mechagon Interior Zone Light 01;2097;10017;0;-64000;64000;0;0
1916;8DU_Mechagon Trash Room Zone Light 01;2097;10010;0;-64000;64000;0;0
1929;8NZJ Nazjatar Naga;1718;10041;0;-64000;64000;0;0
1930;8NZJ Zin Azshari;1718;9823;0;-64000;64000;0;0
1938;8NZJ Start Area;1718;10062;0;-64000;64000;0;0
1940;8NZJ Coral Forest ;1718;9822;0;-64000;64000;0;0
1943;9CAS Dry Area;2132;10063;0;-64000;64000;0;0
1949;9XP Mountain Test;1658;10126;0;-64000;64000;0;0
1952;8NZJ Coral Reef;1718;9804;0;-64000;64000;0;0
1983;8XP - Mechagon Zone Light;1643;10038;0;-64000;64000;0;0
1990;9PLN Bastion;2222;10392;0;-64000;64000;0;0
1991;9PLN River North;2222;10393;0;-64000;6725;0;0
1992;9PLN River South;2222;10471;0;-64000;6600;0;0
1993;9CAS Main;2222;10395;0;-64000;64000;0;0
1994;9CAS FeralWard;2222;10396;0;-64000;64000;0;0
1998;DEMO 9PLN Plains Zone Light Gary Demo;2132;10422;0;-64000;64000;0;0
2004;DEMO 9ARD ZoneLight;2132;10456;0;-64000;64000;0;0
2014;9MAL Maldraxxus;2222;10495;0;-64000;64000;0;0
2018;9PLN Temple of Loyalty;2222;10470;0;-64000;64000;0;0
2020;9ARD Ardenweald;2222;10562;0;-64000;64000;0;0
2021;9ARD Celestial;2222;10563;0;-64000;58750;0;0
2024;9PLN River Central;2222;10393;0;-64000;6570;0;0
2030;9MAW Main;2222;10773;0;-64000;64000;0;0
2032;DEMO 9CAS Emberward Zonelight;2132;10832;0;-64000;64000;0;0
2033;Kristy Blizzcon Demo;2132;10857;0;-64000;64000;0;0
2041;9PLN River Central Red;2222;10867;0;-64000;6600;0;0
2044;Prog Test Zone Light;1658;10871;0;-64000;64000;0;0
2046;9ARD Pools;2222;10836;0;-64000;5650;0;0
2047;9ARD Grotto;2222;10814;0;-64000;5720;0;0
2048;9MAW Torghast Kit2;2162;10961;0;-64000;64000;0;0
2049;9ARD Start;2222;10858;0;-64000;64000;0;0
2050;9ARD Depleted Waning Grove;2222;10530;0;-64000;5800;0;0
2051;9ARD Dreamshire;2222;10813;0;-64000;5600;0;0
2053;9MAW BeastWarrens;2222;10992;0;-64000;64000;0;0
2054;9MAW Erasure;2222;10990;0;-64000;64000;0;0
2055;9ARD Gormhive Greater;2222;10513;0;-64000;5650;0;0
2056;9ARD Mists of Tirna Scithe Tree;2222;10997;0;-64000;64000;0;0
2060;9PLN Necrotic Wake Exterior;2222;11044;0;-64000;64000;0;0
2061;9MAL Spider Grove;2222;10810;0;-64000;64000;0;0
2062;9MAL Plauge Library;2222;10508;0;-64000;64000;0;0
2063;9MAL The Spearhead;2222;11056;0;-64000;64000;0;0
2065;9MAL Abomination ;2222;10866;0;-64000;64000;0;0
2066;9MAL House of Rituals ;2222;10865;0;-64000;64000;0;0
2067;9MAL Eastern Sinew;2222;10906;0;-64000;64000;0;0
2071;Ardenweald Area;2291;11091;0;-64000;64000;0;0
2072;Temple Area;2291;11093;0;-64000;64000;0;0
2075;9MAW Main - Test;2364;10773;0;-64000;64000;0;0
2080;9XP Plaguefall Zone;2222;11370;0;-64000;64000;0;0
2081;9XP Plaguefall Warm;2222;11080;0;-64000;64000;0;0
2082;9XP Plaguefall Putricide;2289;11111;0;-64000;64000;0;0
2083;9XP Plaguefall Putricide;2222;11111;0;-64000;64000;0;0
2084;9XP Plaguefall Slime Titan;2222;11114;0;-64000;64000;0;0
2085;9PLN Necrotic Wake Dungeon;2222;11042;0;-64000;64000;0;0
2086;9XP Inbetween to Bastion and Ardenweald;2222;11123;0;-64000;64000;0;0
2088;9Mal Warlord House;2222;11122;0;-64000;64000;0;0
2091;9PLN Bastion;2285;10392;0;-64000;64000;0;0
2092;9PLN Bastion City Dungeon;2285;10861;0;-64000;64000;0;0
2094;9PRG DEMO TEST;1658;11165;0;-64000;64000;0;0
2095;9CAS Castle nathria zone;2296;11179;0;-64000;64000;0;0
2101;9MAL Mountain Light;2222;11185;0;-64000;64000;0;0
2110;9CAS Castle;2222;11220;1;-64000;64000;0;0
2111;9PLN Bastion Arena;2373;11222;0;-64000;64000;0;0
2112;Zone Light - Torghast Vertical Slice Kit 2;1264;11227;0;-64000;64000;0;0
2125;9PLN Necrotic Wake Exterior;2286;11044;0;-64000;64000;0;0
2126;9PLN Necrotic Wake Dungeon;2286;11042;0;-64000;64000;0;0
2128;9MAW Torghast Upper Reaches;2162;11232;0;-64000;64000;0;0
2129;9ARD Fallen Tree;2222;10533;0;-64000;5674;0;0
2130;9ARD Covenant Chapter 2;2354;11272;0;-64000;64000;0;0
2133;9PLN Bastion City Dungeon Spire;2285;11247;0;-64000;64000;0;0
2137;Sky Scene visibility test;1658;11258;2;-64000;64000;0;40765
2138;9MAW Torghast Kit1;2162;10111;0;-64000;64000;0;0
2147;9PRG Transition White Out;2374;12064;0;-64000;64000;0;0
2148;9XP Oribos - 9.0 Original - playercondition;2222;11262;0;-64000;64000;0;91166
2149;9XP Inbetween to Revendreth;2222;11123;0;-64000;64000;0;0
2150;9ARD Ardenweald;2290;10562;0;-64000;64000;0;0
2151;9ARD Mists of Tirna Scithe Tree;2290;11204;0;-64000;64000;0;0
2152;9CAS Main;2284;10395;0;-64000;64000;0;0
2153;9PLN Bastion Arena;2375;11222;0;-64000;64000;0;0
2154;9XP Inbetween to Maldraxxus;2222;11123;0;-64000;64000;0;0
2155;9MAW Torghast Upper Reaches - no sky;2162;11293;0;-64000;64000;0;0
2156;9MAW Torghast Upper Reaches - no sky low fog;2162;11309;0;-64000;64000;0;0
2157;Ardenweald Area Scenario;2439;11091;0;-64000;64000;0;0
2158;Temple Area Scenario;2439;11093;0;-64000;64000;0;0
2159;9MAW Torghast Upper Reaches - no sky 2;2162;11293;0;-64000;64000;0;0
2168;8NPE;2175;10254;0;-64000;64000;0;0
2169;10GSL Grasslands - ZoneLight;2361;11317;0;-64000;64000;0;0
2170;9PRG Progenitor Main;2374;11260;0;-64000;64000;0;0
2171;9PRG Lush Biome;2374;11322;0;-64000;64000;0;0
2172;9PRG Sand Biome;2374;11324;0;-64000;64000;0;0
2176;10HGL Highlands - Zone Light;2361;11346;0;-64000;64000;0;0
2181;8NPE Boat Zone;2175;11356;0;-64000;64000;0;0
2182;8NPE Horde Boat Zone;2175;11356;0;-64000;64000;0;0
2183;Broker Dungeon Stormheim Zone Light;2441;11363;0;-64000;64000;0;0
2184;Broker Dungeon KulTiras Zone Light;2441;11364;0;-64000;64000;0;0
2186;10DRG Dragon Spires;2361;11379;0;-64000;64000;0;0
2187;10CAN Lowlands - Zone Light;2361;11311;0;-64000;64000;0;0
2188;10CAN Lowlands Demo Zone Lights;2361;11311;0;-64000;64000;0;0
2189;Portfolio Land;1264;11384;0;-64000;64000;0;0
2190;9MAW BeastWarrens - Corthia;2456;11387;0;-64000;64000;1;0
2191;9MAW Main - Corthia;2456;11391;0;-64000;64000;0;0
2192;9MAW Erasure - Corthia;2456;11392;0;-64000;64000;1;0
2195;9MXT Corthia ;2456;11395;0;-64000;64000;1;0
2196;10HGL Highlands Tundra - Zone Light 1;2361;11382;0;-64000;64000;1;0
2197;10DEMO Zone4 Mountains;2361;11379;0;-64000;64000;0;0
2198;10HGL Highlands Tundra - Zone Light 2;2361;11382;0;-64000;64000;1;0
2199;10HGL Highlands Tundra - Zone Light 3;2361;11382;0;-64000;64000;1;0
2200;10HGL Highlands Tundra - Zone Light 4;2361;11382;0;-64000;64000;1;0
2201;10HGL Highlands Forest - Zone Light 1;2361;11345;0;-64000;64000;1;0
2202;10HGL Highlands Forest - Zone Light 2;2361;11345;0;-64000;64000;1;0
2203;10HGL Highlands Forest - Zone Light 3;2361;11345;0;-64000;64000;0;0
2204;10HGL Highlands Forest - Zone Light 4;2361;11345;0;-64000;64000;1;0
2205;10HGL Highlands Forest - Zone Light 5;2361;11345;0;-64000;64000;1;0
2206;10HGL Highlands Forest - Zone Light 6;2361;11345;0;-64000;64000;1;0
2207;10HGL Highlands Forest - Zone Light 7;2361;11345;0;-64000;64000;1;0
2208;10DEMO Zone3 Tundra;2361;11382;0;-64000;64000;0;0
2209;10DEMO Zone3 Forest;2361;11345;0;-64000;64000;0;0
2214;9MXT Korthia;2222;11426;0;-64000;64000;0;0
2215;Torghast Raid;2450;11428;0;-64000;4800;0;0
2216;Broken Dungeon;2441;11430;0;-64000;64000;0;0
2217;10DEMO Zone3 Forest 2;2361;11345;0;-64000;64000;0;0
2232;10CAN Zone Ground;2444;11445;0;-64000;1000;0;0
2233;10GSL Grasslands - Zone Light;2444;11446;0;-64000;64000;0;0
2234;10HGL Highlands;2444;11448;0;-64000;64000;0;0
2235;10HGL Forest 1;2444;11447;0;-63000;600;0;0
2236;10HGL Tundra 1;2444;11450;0;-64000;700;0;0
2238;10HGL Tundra 2;2444;11450;0;-64000;600;0;0
2239;10HGL Tundra 3;2444;11450;0;-62000;800;0;0
2240;10HGL Forest 2;2444;11447;0;-63000;700;0;0
2241;10HGL Forest 3;2444;11447;0;-63000;700;0;0
2242;10HGL Forest 4;2444;11447;0;-64000;1000;0;0
2243;10HGL Forest 5;2444;11447;0;-63000;1100;0;0
2244;10DRG Dragonzone - Zone Light;2444;11452;0;-64000;64000;0;0
2245;Torghast Raid Interior;2450;11444;0;1951;4042;0;0
2246;Torghast Raid Chains;2450;11474;0;4800;5200;0;0
2259;9XP Oribos - Maw Touched - 9.1 Pre-Raid - playercondition;2222;11539;0;-64000;64000;0;91163
2260;9XP Oribos - Maw Touched - 9.1 Post-Raid - playercondition;2222;11540;0;-64000;64000;0;91164
2262;10HGL Tundra 5;2444;11450;0;-64000;500;0;0
2263;10HGL Tundra 6;2444;11450;0;-64000;1000;0;0
2264;10HGL Tundra 7;2444;11450;0;-64000;1000;0;0
2265;10HGL Tundra 8;2444;11450;0;-64000;1000;0;0
2266;9XP Broker Dungeon Outdoor World;2222;11541;0;-64000;64000;0;0
2267;10GSL Grasslands Green Flight - Zone Light;2444;11454;0;-64000;64000;0;0
2268;9MXT Korthia Riverbed;2222;11547;0;-64000;64000;0;0
2277;10GSL Grasslands Foothills;2444;11596;0;-64000;64000;0;0
2284;9PRG Raid Zonelight;2481;11607;0;-64000;64000;0;0
2285;9PRG Raid Progenium Zonelight;2481;11994;0;-64000;375;0;0
2286;10DKS Forbidden Scar - Zone Light;2444;11999;0;-64000;64000;0;0
2290;9PRG Raid Cosmic Wing;2481;12002;0;-64000;64000;0;0
2293;9PRG Raid Terrestrial ;2481;11633;0;-64000;64000;0;0
2294;10HGL Flight Low;2444;12053;0;800;64000;0;0
2295;10HGL Flight High;2444;12053;0;1200;64000;0;0
2298;10GSL Green Dragon - Zone Light;2444;11454;0;-64000;64000;0;0
2300;10HGL Coast;2444;12096;0;-64000;800;0;0
2301;10HGL Brackenhide Hollow Tundra;2444;12005;0;-64000;300;0;0
2303;10CAN Volcano Transition;2444;11625;0;-64000;1100;0;0
2304;10CAN Volcanic Zone Light 01;2444;11522;0;-64000;900;1;0
2307;10CAN Volcano Transition 2;2444;11625;0;-64000;1100;0;0
2308;10CAN Volcano Zone Light 02;2444;11522;0;-64000;900;1;0
2309;10CAN Coast 01;2444;12149;0;-64000;1200;0;0
2312;10HGL Brackenhide Hollow Coast;2444;12174;0;-64000;500;1;0
2313;10HGL Brackenhide Hollow;2444;12005;0;-64000;500;1;0
2314;10CAN The Waking Shores Flight Low;2444;12033;0;500;64000;0;0
2315;10CAV Volcanic Zone;2454;12178;0;-64000;64000;0;0
2324;10CAV Cave Zone;2454;12179;0;-64000;64000;1;0
2325;10HGL Forest 6;2444;11447;0;-64000;500;0;0
2326;10CAN The Waking Shores Flight High 01;2444;12033;0;1100;64000;0;0
2327;10CAN The Waking Shores Flight High 02;2444;12033;0;1100;64000;0;0
2328;10DRG Flight Mid;2444;12257;0;1100;64000;0;0
2329;10DRG Flight High;2444;12257;0;1500;64000;0;0
2330;10DRG Flight Low;2444;12257;0;750;64000;0;0
2335;Env - Outter;1658;460;0;-64000;64000;3;0
2336;Env- Middle;1658;10789;0;-64000;64000;2;0
2337;10GSL Flight Low;2444;12258;0;650;64000;0;0
2338;10GSL Flight High;2444;12258;0;925;64000;0;0
2339;11ara High Canyon;2510;12260;0;-64000;64000;0;0
2340;Nyaloth Zone Light - Primalist Tomorrow;2512;12266;0;-64000;64000;0;0
2341;Vale of Eternal Blossoms Zone Light - Primalist Tomorrow;2512;12270;0;-64000;64000;0;0
2342;Northrend Zone Light - Primalist Tomorrow;2512;12272;0;-64000;64000;0;0
2343;Silithus Zone Light - Primalist Tomorrow;2512;12273;0;-64000;64000;0;0
2344;Elwynn Zone Light - Primalist Tomorrow;2512;12275;0;-64000;64000;0;0
2345;11ara Low Canyon;2510;12263;0;-64000;5000;1;0
2349;11ara High Canyon Demo;2510;12282;0;-64000;64000;0;0
2350;10CAN Volcanic Transition Inner 1;2444;12318;0;-64000;1100;0;0
2351;10CAN Volcanic Transition Inner 2;2444;12318;0;-64000;1000;0;0
2353;Post Raid Zone Light - Zone 4 Copy;2522;12324;0;-64000;64000;0;0
2359;11UNG Cenote Zone Light 1;2584;12363;0;-64000;64000;0;0
2360;11UNG Cenote Zone Light 2;2584;12363;0;-64000;64000;0;0
2361;11UNG Cenote Zone Light 3;2584;12363;0;-64000;64000;0;0
2362;11UNG Mine Zone Light 1;2584;12362;0;-64000;64000;0;0
2363;11UNG Mine Zone Light 2;2584;12362;0;-64000;64000;0;0
2364;11UNG Stalagmites Zone Light 1;2584;12369;0;-64000;64000;0;0
2365;11ETI Demo Zone ;2510;12330;0;-64000;64000;0;0
2366;10XP Galakrond Storm Intro;2579;12351;0;-64000;5000;0;0
2368;10XP TimeWays Main;2579;12386;0;5000;64000;0;0
2369;11ara Low Canyon Demo;2510;12329;0;-64000;64000;1;0
2370;11NRB Demo Light;2584;12387;0;-64000;64000;0;0
2371;11NRB Zone Light;2601;12390;0;-64000;64000;0;0
2379;Tyr Old God Battle Zone Light;2583;12399;0;-64000;64000;0;0
2381;10CAV Sulfur Zone;2454;12405;0;-64000;-80;1;0
2382;10CAV Sulfur Zone 02;2454;12407;0;-64000;-80;2;0
2383;11ARA Hallowfall Canyons Zone Light;2601;12408;0;-64000;64000;0;0
2386;11UNG Mountain Demo Light;2584;12415;0;-64000;64000;0;0
2387;11ARA Mountain Demo Light;2584;12417;0;-64000;64000;0;0
2388;11RTL Mountain Demo Light;2584;12418;0;-64000;64000;0;0
2389;11NRB Mountain Demo Light;2584;12387;0;-64000;64000;0;0
2390;10CAV Crystal Zone Entrance ;2454;12426;0;-64000;64000;1;0
2391;11ara Low Canyon Demo 2;2510;12329;0;-64000;64000;0;0
2392;11ARA Aegis Wall POI Zone Light;2601;12536;0;-390;64000;1;0
2393;Zone Light - Aberrus Raid;2569;12548;0;-64000;64000;0;0
2395;Westfall Zone Light;0;4;0;-64000;64000;0;0
2396;Stranglethorn Zone Light;0;9;0;-64000;64000;0;0
2397;Duskwood Zone Light;0;2;0;-64000;64000;0;0
2398;Swamp of Sorrows Zone Light;0;3;0;-64000;64000;0;0
2399;Blasted Lands Zone Light;0;6;0;-64000;64000;0;0
2400;Deadwind Pass Zone Light;0;5;0;-64000;64000;0;0
2401;Burning Steppes Zone Light;0;7;0;-64000;64000;0;0
2402;Searing Gorge Zone Light;0;72;0;-64000;64000;0;0
2409;Loch Modan Zone Light;0;26;0;-64000;64000;0;0
2410;Zone Light - Aberrus Raid Patch;2600;12565;0;-64000;64000;0;0
2411;10XP Galakrond Tunnel;2579;12602;0;-64000;5000;1;0
2412;10XP Galakrond Boss;2579;12384;0;-64000;5000;2;0
2436;11RTL Demo Zone Light;2584;12412;0;-64000;64000;0;0
2437;10EMD Zone Light - Main Biome;2548;12625;0;-64000;64000;0;0
2439;Darkshore Main;1;12627;0;-64000;64000;0;0
2440;Felwood Main ;1;214;0;-64000;64000;0;0
2441;Stonetalon Main;1;227;0;-64000;64000;0;0
2442;Desolace Main ;1;194;0;-64000;64000;0;0
2443;Feralas Twin Colossals ;1;241;0;-64000;300;0;0
2444;Feralas High Sky;1;12692;1;250;64000;0;0
2445;Feralas Coast ;1;240;0;-64000;300;0;0
2447;10EMD Zone Light - Mountain;2548;12626;0;-64000;400;0;0
2448;10EMD Zone Light - Flame;2548;12683;0;-64000;400;0;0
2449;Ungoro Main;1;248;0;-64000;85;0;0
2451;Ungoro High Sky;1;12695;0;-10;64000;0;0
2452;10EMD Zone Light - Water 01;2548;12696;0;-64000;20.5;0;0
2453;10EMD Zone Light - Water 02;2548;12834;0;-64000;140;0;0
2455;Tanaris Main;1;195;0;-64000;64000;0;0
2456;Teldrassil Main ;1;200;0;-64000;64000;0;0
2457;Azuremyst Isle Main;530;454;0;-64000;64000;0;0
2458;Bloodmyst Main;530;496;0;-64000;64000;0;0
2461;Hinterlands Zone Light;0;36;0;-64000;64000;0;0
2462;Tirisfal Glades Zone Light;0;27;0;-64000;64000;0;0
2466;Eastern Plaguelands Zone Light;0;42;0;-64000;64000;0;0
2467;11UNG Demo Zone Light;2510;12353;0;-64000;64000;0;0
2469;Dun Morogh;0;16;0;-64000;64000;0;0
2470;11NRB Old God Light 02;2601;12785;0;-64000;-1350;0;0
2471;Elwynn Redridge Zone Light;0;12786;0;-64000;64000;0;0
2474;11ARA Hallowfall Canyons Dark POI ;2601;12536;0;-64000;64000;0;0
2475;11NRB Nerubian City;2601;12863;0;-1360;64000;0;0
2476;11NRB Raid - Zone Light;2657;12874;0;-64000;64000;0;0
2479;10XP TimeWays Main;2678;12386;0;-64000;64000;0;0
2480;10EMD Amirdrassil Raid Zone Light;2549;12875;0;-64000;64000;0;0
2482;11UNG Foundry ;2601;12821;0;-64000;64000;0;0
2492;Kobold Catacombs Zone 1 Zone Light;2681;12953;0;-64000;64000;0;0
2516;11NRB Old God Light 01;2601;12986;0;-64000;-1300;1;0
2522;11ETI Forest Biome Zone Light;2552;12409;0;-64000;215;0;0
2523;11NRB Web Spinner ;2601;13002;0;-64000;64000;0;0
2525;11ETI Arathi Mill Zone Light;2552;12967;0;-64000;215;0;0
2526;11ETI Dhar Oztan Low Fog Zone Light;2552;12966;0;-64000;150;0;0
2527;11ETI Dhar Oztan Mid Fog Zone Light;2552;12987;0;100;170;0;0
2528;11ETI Dhar Oztan Heavy Fog Zone Light;2552;12994;0;120;1200;0;0
2529;11NRB Wormlands;2601;13004;0;-64000;64000;0;0
2531;11ARA Last Light POI Zone Light;2601;12993;0;-250;64000;0;0
2532;11ETI Boskroot Basin Zone Light;2552;12964;0;-64000;120;0;0
2533;11UNG Main Zone Height 02;2601;12881;0;200;400;0;0
2534;11UNG Main Zone Height 03;2601;12882;0;-50;225;0;0
2538;11ARA Livia's Patience POI Zone Light;2601;13006;0;-470;-170;0;0
2539;11ARA Ruptured Lake POI Zone Light;2601;13020;0;-850;-400;0;0
2540;11ARA Ruptured Lake Lower POI Zone Light;2601;13021;0;-64000;-750;0;0
2544;11NRB Raid - Old God Light ;2657;13074;0;-64000;-1300;0;0
2545;11NRB Ruptured Lake Transition;2601;13084;0;-64000;-800;0;0
2546;11ARA Ragged Front POI Zone Light;2601;13085;0;-700;-320;0;0
2547;11ARA Arathi's End Upper POI Zone Light;2601;13087;0;-840;-610;0;0
2548;11ARA Arathi's End Lower POI Zone Light;2601;13088;0;-64000;-750;0;0
2549;11ARA Gate Entrance POI Zone Light;2601;13022;0;-64000;64000;1;0
2551;11NRB Zone Light Upper;2601;13110;0;-64000;64000;0;0
2553;10EMD Amirdrassil Zone Light;2444;13127;0;-64000;64000;0;0
2554;11UNG Earthen Battleground Zone Light - Old;2656;13315;0;-64000;64000;0;0
2555;Delve 02 - Zone 3 Light;2679;13135;0;-64000;64000;0;0
2556;11NRB Mmarl POI;2601;13137;0;-64000;64000;0;0
2557;11NRB Wasp Nest 01;2601;13138;0;-64000;-1249;0;0
2558;11NRB Old God Light 03;2601;12862;0;-64000;-1440;0;0
2559;11NRB Wasp Nest 02;2601;13446;0;-64000;64000;0;0
2560;11NRB Wasp Nest 02;2601;13139;0;-64000;-700;0;0
2561;11NRB Zone 2 Transition Lower;2601;13295;0;-64000;64000;0;0
2566;11NRB The Burrows POI;2601;13294;0;-64000;-1200;0;0
2567;11ARA Ocean Light ;2601;13951;0;-64000;64000;0;0
2568;11UNG The Warrens;2601;13286;0;-64000;64000;1;0
2569;11 Delve 04 Underwater - Zone Light;2689;13285;0;-64000;64000;0;0
2570;11UNG Taelloch Village;2601;13288;0;-64000;64000;0;0
2576;11UNG Taelloch Mine;2601;13296;0;-64000;64000;0;0
2579;11UNG Glowworms 01;2601;13287;0;-64000;64000;0;0
2581;11UNG Grand Grotto;2601;13301;0;-64000;64000;0;0
2582;11UNG Earthen Battleground - Cenote;2656;13293;0;-64000;64000;0;0
2584;11UNG Earthen Battleground - Foundry;2656;13315;0;-64000;64000;0;0
2585;11KRS Zone Light;2738;13318;0;-64000;64000;0;0
2586;11NRB Nerubian City Upper;2601;13329;0;-1200;64000;0;0
2588;11UNG Gundargaz Height 01;2601;13331;0;375;64000;0;0
2589;11 Delve 04 Dry - Zone Light;2689;13341;0;-64000;64000;0;0
2590;11UNG Gundargaz Height 02;2601;13439;0;-64000;400;0;0
2591;11UNG Main Zone Height 04;2601;13437;0;-64000;0;0;0
2592;11UNG Chittering Hills;2601;13439;0;-64000;64000;0;0
2594;10EMD Zone Light - Water With Night;2444;13455;0;-64000;64000;0;0
2595;11UNG Gundargaz Height 03;2601;13445;0;-64000;64000;0;0
2596;12RTL Demo Zone Light;2694;13447;0;-64000;64000;0;0
2600;11UDM - Slums District Zone Light;2706;13506;0;-64000;64000;0;0
2601;11UDM - Blackmarket District Zone Light;2706;13507;0;-64000;64000;0;0
2602;11UDM - Residential District Zone Light;2706;13508;0;-64000;64000;0;0
2603;11UDM - Hotel Arena District Zone Light;2706;13509;0;-64000;64000;0;0
2604;11XP Dalaran Destruction Zone Light;2731;13516;0;-64000;64000;0;0
2605;11UNG Lightless Chasm;2601;13524;0;-64000;64000;0;0
2614;11UNG Goblin Cenote;2601;13731;0;-64000;64000;0;0
2615;11UNG Goblin Old God;2601;13730;0;-64000;64000;0;0
2616;11UNG Grand Grotto - Back;2601;13744;0;-64000;64000;0;0
2618;12RTL Bioluminescent Zone Light;2694;13762;0;-64000;64000;0;0
2621;12VDL Zone Light ;2771;13799;0;-64000;0;0;0
2622;11KRS Demo Light;2727;13800;0;-64000;64000;0;0
2623;12 DUR Durotar Zone Light Test;2737;13765;0;-64000;64000;0;0
2631;11ARA Fog Wall ;2601;13968;0;-64000;64000;0;0
2632;12ESW Zone Light - Silvermoon ;2711;14082;0;-64000;64000;0;0
2633;12ESW Zone Light - Main Biome;2711;14082;0;-64000;64000;0;0
2646;12ESW Zone Light - Main Biome 02;2711;14082;0;-64000;64000;0;0
2654;12ESW Murder Row;0;14257;0;-64000;100;1;0
2655;12ZAM Main Zone Light 01;0;14263;0;-64000;64000;0;0
2656;12ZAM Autumn Zone Light 01;0;14264;0;-64000;64000;0;0
2657;12ZAM Autumn Zone Light 02;0;14329;0;-64000;64000;0;0
2658;12ZAM Swamp Zone Light 01;0;14268;0;-64000;400;0;0
2659;11UNG Delve Old God Goblin - Purple;2601;13733;0;-64000;64000;0;0
2660;11UNG Main Zone Height 01;2601;12394;0;375;64000;0;0
2661;12ELW_Elwynn_Main_Zonelight;2735;14287;0;-64000;64000;0;0
2663;12ESW Main - Zone Light;2813;14298;0;-64000;64000;0;0
2664;12ESW Murder Row;2813;14300;0;-64000;64000;0;0
2671;Karesh Dungeon Zone Light;2830;14335;0;-64000;64000;0;0
2675;12ESW Silvermoon - Stage 1 Default Light;0;15199;0;-64000;64000;0;144664
2677;12ESW Lightbloom 01;0;14256;0;-64000;250;1;146319
2678;12ESW Lightbloom 02;0;14256;0;-64000;350;1;146319
2679;12ESW Lightbloom 04;0;14370;0;-64000;350;1;146319
2680;12ESW Lightbloom 03;0;14370;0;-64000;350;1;146319
2681;12ESW Windrunner Forest;0;14405;0;-64000;350;1;0
2682;12ESW Windrunner Coast;0;14406;0;-64000;350;0;0
2683;12ESW Deatholme;0;14407;0;-64000;300;0;0
2684;12DUR Main Zone Light;2736;14408;0;-64000;64000;0;0
2695;12DUR Sub Zone Light Azshara;2736;14663;0;-64000;64000;0;0
2705;12VDL Zone Light ;2912;13799;0;-64000;64000;0;0
2706;12ZAM Autumn Zone Light 03;0;14264;0;-64000;64000;0;0
2711;11UNG Kobolds Lost Mines;2601;13298;0;-64000;64000;0;0
2714;12ELW_Elwynn_Duskwood_ZoneLight;2735;14924;0;-64000;64000;0;0
2717;12ZAM PYW Autumn Biome Zone light;2825;14932;0;-64000;64000;1;0
2718;12ZAM PYW Main Biome Zone light;2825;14934;0;-64000;64000;2;0
2719;12ZAM PYW Winter Biome Zone light;2825;14935;0;-64000;64000;3;0
2720;12ZAM PYW Main Biome Awake Zone light;2825;14936;0;-64000;64000;0;0
2721;12ESW Quel'Danas - New Player - No Void;0;15684;0;-64000;64000;0;145649
2722;12ESW Windrunner Spire;0;14938;0;-64000;350;1;0
2723;12ESW Zul'Aman Transition;0;14940;0;-64000;64000;0;0
2727;12ESW Windrunner Forest Transition;0;14939;0;-64000;350;0;0
2728;12ZAM Autumn Zone Light 03;0;14947;0;-64000;64000;0;0
2731;12ESW Lightbloom 05;0;14256;0;-64000;350;1;146319
2748;12RTL Lightbloom Dungeon Root;2859;15323;0;80;150;0;0
2749;12RTL Lighbloom Dungeon Mushroom;2859;15324;0;60;150;0;0
2750;12RTL Lightbloom Dungeon Chasm;2859;15326;0;0;400;0;0
2752;12ESW Main - Zone Light;2933;14255;0;-64000;64000;0;0
2753;12ESW Silvermoon;2933;15199;0;-64000;64000;0;0
2754;12ESW Murder Row;2933;14257;0;-64000;64000;0;0
2764;12ZAM_MaisaraCavern_02;2874;15399;0;-64000;64000;0;0
2765;12DUR Oasis Demo Light;2737;15402;0;-64000;64000;0;0
2767;12ZAM Main Zone Light 02;0;15463;0;-64000;64000;0;0
2768;12VDL Lightless Reach - Elevation 8;2771;15466;0;-480;-300;0;0
2769;11XP Manaforge Omega - Dimensius Phase 2 ;2810;15489;0;551;64000;0;0
2770;11XP Manaforge Zone Light;2810;14319;0;-64000;552;0;0
2776;12DUR Sub Zone Light Oasis;2736;15503;0;-64000;155;0;0
2777;Duskwood Cemetary ;2735;15577;0;-64000;64000;1;0
2778;12ESW Deatholme Delve Light;2952;15579;0;-64000;64000;0;0
2781;12ZAM Main Zone Light 03;0;15586;0;-64000;-100;0;0
2782;12VDL Lightless Reach - Elevation 7;2771;15467;0;-430;-150;0;0
2783;12ESW Quel'Danas - Super Void;2811;15711;0;-64000;64000;0;145268
2787;12VDL Night Trench;2771;15477;0;-1000;-160;0;0
2788;12VDL Burrows Transition - Elevation 5;2771;15469;0;-250;-170;0;0
2789;12VDL Blade Burrows - Elev. 4;2771;15470;0;-350;-250;0;0
2790;12VDL Blade Burrows - Elev. 5;2771;15469;0;-1000;-250;0;0
2791;12VDL Stormarion Keep;2771;15481;0;-250;200;0;0
2792;12VDL Stormarion Alley - Elev. 4;2771;15470;0;-64000;-230;0;0
2793;12VDL Stormarion Alley - Elev. 5;2771;15469;0;-64000;-230;0;0
2794;12VDL Canyon General - Elev. 5;2771;15469;0;-64000;-280;0;0
2795;12VDL Predaxus Den - Elev. 6;2771;15468;0;-390;-270;0;0
2796;12VDL Predaxus Den - Elev. 7;2771;15467;0;-64000;-380;0;0
2797;12VDL Canyon General - Elev. 4;2771;15470;0;-320;-220;0;0
2798;12VDL Canyon General - Elev. 3;2771;15471;0;-320;-200;0;0
2799;12VDL Canyon General - Elev. 2;2771;15472;0;-280;-170;0;0
2800;12VDL Canyon Obscurion - Elev. 1;2771;15473;0;-250;-150;0;0
2801;12VDL Nexus Point Xenas;2771;15480;0;-200;0;0;0
2802;12VDL PvP Blue;2771;15475;0;-64000;40;0;0
2803;12VDL PvP Red;2771;15476;0;-64000;40;0;0
2804;12VDL Kaiju Molt;2771;15615;0;-64000;-180;0;0
2805;12VDL PvP Red;2799;15476;0;-64000;64000;0;0
2806;12VDL PvP Blue;2799;15475;0;-64000;64000;0;0
2807;12VDL Zone Light ;2799;13799;0;-64000;64000;0;0
2808;12VDL Lightless Reach - Elevation 7;2799;15467;0;-64000;64000;0;0
2809;12VDL Predaxus Den - Elev. 6;2799;15468;0;-64000;64000;0;0
2810;12VDL Predaxus Den - Elev. 7;2799;15467;0;-64000;64000;0;0
2811;12VDL Canyon General - Elev. 4;2799;15470;0;-64000;64000;0;0
2812;12VDL Canyon General - Elev. 3;2799;15471;0;-64000;64000;0;0
2813;12VDL Canyon General - Elev. 2;2799;15472;0;-64000;64000;0;0
2814;12VDL Canyon Obscurion - Elev. 1;2799;15473;0;-64000;64000;0;0
2815;12VDL Nexus Point Xenas;2799;15480;0;-64000;64000;0;0
2816;12VDL Lightless Reach - Elevation 8;2799;15466;0;-64000;64000;0;0
2817;12VDL Night Trench;2799;15477;0;-64000;64000;0;0
2818;12VDL Burrows Transition - Elevation 5;2799;15469;0;-64000;64000;0;0
2819;12VDL Blade Burrows - Elev. 4;2799;15470;0;-64000;64000;0;0
2820;12VDL Blade Burrows - Elev. 5;2799;15469;0;-64000;64000;0;0
2821;12VDL Stormarion Keep;2799;15481;0;-64000;64000;0;0
2822;12VDL Stormarion Alley - Elev. 4;2799;15470;0;-64000;64000;0;0
2823;12VDL Stormarion Alley - Elev. 5;2799;15469;0;-64000;64000;0;0
2824;12VDL Canyon General - Elev. 5;2799;15469;0;-64000;64000;0;0
2825;12VDL Kaiju Molt;2799;15615;0;-64000;64000;0;0
2836;12ESW Quel'Danas - Light Void;2811;15712;0;-64000;64000;0;0
2838;12ESW Main South - No Void;0;15719;0;-64000;500;0;145649
2839;12ESW Abandoned Mines;0;15720;0;-64000;700;0;145649
2840;12ZAM Thalassian Pass;0;14329;0;-64000;64000;0;0
2843;12ESW Main North - No Void;0;15718;0;-64000;500;0;145649
2844;12ESW Quel'Danas - Stage 2 Darkwell;0;15678;0;-64000;64000;0;144665
2845;12ESW Quel'Danas - Stage 3 Post Darkwell;0;15679;0;-64000;64000;0;144666
2848;12ESW Silvermoon - Stage 2 Darkwell;0;15682;0;-64000;64000;0;144665
2849;12ESW Silvermoon - Stage 3 Post Darkwell;0;15683;0;-64000;64000;0;144666
2852;Jeremy Test 2 - PH Light;451;15684;0;-64000;64000;0;0
2853;12ESW Silvermoon - Stage 0 Default Light;0;15199;0;-64000;64000;0;144760
2854;12ESW Silvermoon - New Player - No Void;0;15684;0;-64000;64000;0;145649
2855;12ESW Quel'Danas - Stage 1 Default Light;0;14937;0;-64000;64000;0;144664
2868;12ESW Main South - Void;0;14954;0;-64000;500;0;145647
2874;12ESW Main South - No Void - Flight;0;15800;0;400;64000;0;145649
2875;12ESW Main South - Void - Flight;0;15801;0;400;64000;0;145647
2878;12ESW Lightbloom 01 - After;0;15737;0;-64000;250;1;145959
2879;12ESW Lightbloom 02 - After;0;15737;0;-64000;350;1;145959
2880;12ESW Lightbloom 03 - After;0;15796;0;-64000;350;1;145959
2881;12ESW Lightbloom 04 - After;0;15796;0;-64000;350;1;145959
2882;12ESW Lightbloom 05 - After;0;15737;0;-64000;350;1;145959
2884;12ZAM Ula'Tek Zone Light 01;0;15855;0;-64000;64000;0;0
2885;12ZAM Isle of Fangs Zone Light;0;15858;0;-64000;64000;0;0
2887;12ESW Windrunner Coast;2805;14406;0;-64000;350;0;0
2888;12ESW Windrunner Spire;2805;14942;0;-64000;350;0;0
2892;12ESW Deatholme;2805;14407;0;-64000;300;0;0
2893;12ESW Windrunner Forest;2805;14683;0;-64000;350;0;0
2894;12ESW Winderunner Forest Transition;2805;15860;0;-64000;350;0;0
2895;12ESW Windrunner Coast - Flight;2805;15864;0;250;64000;0;0
2905;12ESW Windrunner Coast - Flight;0;15862;0;250;64000;0;0
2906;12ESW Deatholme - Flight;0;15863;0;200;64000;0;0
2907;12ESW Deatholme - Flight;2805;15863;0;200;64000;0;0
2909;12ZAM Main Conditional TwilightBlade Zone light 01;0;15866;0;-64000;415;1;146810
2911;12ZAM Main Zone light 04;0;14288;0;-64000;415;0;0
2913;12ZAM Conditional TwilightBlade Zone Light 02;0;15856;0;-64000;415;0;146810
2914;Elwynn Mountains - Zone Light;2735;15869;0;-64000;64000;0;0
2915;Elwynn Coastal - Zone Light;2735;15868;0;-64000;64000;0;0
2916;Elwynn Autumn - Zone Light;2735;15867;0;-64000;64000;0;0
2927;12RTL Main Clear;2694;13447;0;0;2000;0;0
2934;12RTL Dead Mushroom Variant01 Test;2694;15539;0;-64000;1200;0;0
2935;12RTL Main Fungarian;2694;15531;0;-64000;1350;0;0
2936;12RTL Cave of Echoes;2694;14917;0;-64000;1300;0;0
2937;12RTL Teldrassil;2694;14952;0;-64000;2000;0;0
2938;12RTL Main Rutaani;2694;15319;0;-64000;1350;0;0
2939;12RTL Dead Mushrooms;2694;14662;0;-64000;1500;0;0
2940;12RTL Lightbloom Fade;2694;14948;0;-64000;64000;0;0
2951;12RTL Main Clear Edge;2694;15945;0;0;2000;0;0
2954;12RTL Main Clear Edge North;2694;15945;0;-64000;2000;0;0
2955;12RTL Rift of Aln;2694;14272;0;650;870;0;0
2964;12VDL Zone Light ;2923;13799;0;-64000;64000;0;0
2965;12VDL PvP Red;2923;15476;0;-64000;64000;0;0
2966;12VDL PvP Blue;2923;15475;0;-64000;64000;0;0
2967;12VDL Zone Flight Light ;2771;15955;0;-100;64000;0;0
2969;12VDL Lightless Reach - Elevation 8;2965;15466;0;-64000;64000;0;0
2970;12ESW Quel'Danas - Stage 0 Default Light;0;14937;0;-64000;64000;0;144760
2973;12ESW Main North - Void;0;14255;0;-64000;500;0;145647
2974;12ESW Main North - Void - Flight;0;15799;0;400;64000;0;145647
2975;12ESW Main North - No Void - Flight;0;15718;0;400;64000;0;145649
2976;12ELW Warband Zone Light;3026;15970;0;-64000;64000;0;0
2977;12DUR Durotar Warband Zone Light;3027;15971;0;-64000;64000;0;0
2981;12RTL Bio 800 - 1000;2694;14271;0;800;970;0;0
2982;12RTL Bio 800 - 1200;2694;14273;0;800;1090;0;0
2984;12DUR Azshara Transition Zone Light;2736;16007;0;-64000;64000;0;0
2988;12DUR Sub Zone Light Azshara Altitude;2736;16007;0;250;64000;0;0
2996;12ESW Quel'Danas - Stage 2 Darkwell;2913;15677;0;-64000;64000;0;144665
2997;12ZAM Main Zone Light 05;0;16094;0;-64000;64000;0;0
2998;12ZAM Main Zone Light 06;0;16094;0;-64000;64000;0;0
3013;12RTL Nordrassil POI;2694;14827;0;-64000;64000;0;0
2846;12ESW Quel'Danas - Stage 4 Dawnwell;0;15680;0;-64000;64000;0;144667
2850;12ESW Silvermoon - Stage 4 Dawnwell;0;15684;0;-64000;64000;0;144667
